year,total_posts_year,keyword_posts,yearly_proportion
2021,147994,40,0.02702812276173358
2022,164251,39,0.02374414767642206
2023,192172,652,0.33927939554149406
2024,155730,1047,0.6723174725486418
