year,total_posts_year,keyword_posts,yearly_proportion
2021,147994,1276,0.8621971160993013
2022,164251,1379,0.8395687088663083
2023,192172,1935,1.006910476031888
2024,155730,2319,1.4891157773068773
