year,total_posts_year,keyword_posts,yearly_proportion
2021,147994,88,0.059461870075813876
2022,164251,89,0.05418536264619393
2023,192172,896,0.46624898528401637
2024,155730,1296,0.8322095935272587
