keyword,min_count,max_count,mean_count,min_proportion,max_proportion,mean_proportion,pre_mean_count,post_mean_count,pre_mean_proportion,post_mean_proportion,t_stat_count,p_value_count,t_stat_proportion,p_value_proportion,significant_count,significant_proportion
droughtmain,1,469,49.354166666666664,0.007638252367858234,2.999104744852283,0.34435918912055713,10.166666666666666,114.66666666666667,0.07060362993237587,0.8006184544341926,-3.521929893129831,0.0025908245181656218,-3.7851549262817366,0.001460651275592253,TRUE,TRUE
droughtvariants,68,304,143.9375,0.688599846977811,2.1531269919966003,1.0528624986752746,119.46666666666667,184.72222222222223,0.8666975595565186,1.3631373972065346,-4.552953327006946,1.2246614443949262e-4,-4.894776783842845,8.438701655962492e-5,TRUE,TRUE
drought,0,409,37.041666666666664,0,2.61542396725924,0.2575999152785232,4.8,90.77777777777777,0.03365775414305653,0.630836850504301,-3.201639719208837,0.005199646746245273,-3.4228558023896727,0.003220784653570038,TRUE,TRUE
shortage,0,122,11.416666666666666,0,0.94019728729963,0.08032142888304013,4.233333333333333,23.38888888888889,0.028871796651181548,0.16607081593613776,-2.6636355795745223,0.016222359061763336,-2.5806782274105085,0.019337297393664087,TRUE,TRUE
out_of_stock,0,3,0.5,0,0.021247963736808557,0.0034692520420745625,0.43333333333333335,0.6111111111111112,0.0030936302333098393,0.0040952883900157696,-0.6771814064051472,0.503050412498379,-0.5563337165410923,0.5816599887265321,FALSE,FALSE
