year,total_posts_year,keyword_posts,yearly_proportion
2021,147994,5,0.0033785153452166976
2022,164251,4,0.00243529719758175
2023,192172,9,0.0046833045396832
2024,155730,6,0.0038528221922558272
