keyword,total_keyword_posts,total_all_posts,overall_proportion
droughtmain,2369,660147,0.35885946614920616
droughtvariants,6909,660147,1.0465850787779085
drought,1778,660147,0.2693339513774962
shortage,548,660147,0.08301181403535879
out_of_stock,24,660147,0.0036355538993587794
