year,total_posts_year,keyword_posts,yearly_proportion
2021,147994,37,0.025001013554603567
2022,164251,40,0.0243529719758175
2023,192172,226,0.11760298066315591
2024,155730,245,0.1573235728504463
